Client_Information,Product_Information,Total_Transaction_Amount
CL  123400030001,CME FUN1    20100910,JPY 26336500000000.0000000
CL  123400020001,SGX FUNK    20100910,JPY -4911500000000.0000000
CL  123400030001,CME FUNK.   20100910,USD -19750650000000.0000000
CL  432100020001,SGX FUNK    20100910,JPY 4250800000000.0000000
CL  432100030001,CME FUN1    20100910,JPY -7310900000000.0000000
